scenario,baseline,n,ppo_mean,baseline_mean,diff_mean,t_ci_low,t_ci_high,boot_ci_low,boot_ci_high,p_ttest,p_wilcoxon,win,tie,loss
2,Hazard-aware BFS,30,87.08,91.33,-4.25,-6.54,-1.96,-6.25,-2.08,0.0007,0.002,4,0,26
2,A*,30,87.08,54.42,32.67,24.7,40.63,24.75,39.75,0.0,0.0,26,0,4
2,정적 유도등,30,87.08,59.0,28.08,22.08,34.09,22.33,33.67,0.0,0.0,28,1,1
2,상수 행동(초기화값),30,87.08,86.17,0.92,-0.25,2.08,-0.17,2.0,0.1176,0.0875,14,9,7
2,상수 행동(PPO 평균),30,87.08,86.33,0.75,-0.38,1.88,-0.33,1.83,0.1841,0.142,11,13,6
3,Hazard-aware BFS,30,86.0,86.42,-0.42,-1.83,0.99,-1.75,0.83,0.5503,0.478,13,5,12
3,A*,30,86.0,60.5,25.5,19.65,31.35,19.92,30.83,0.0,0.0,27,2,1
3,정적 유도등,30,86.0,57.83,28.17,23.01,33.32,23.25,33.0,0.0,0.0,29,0,1
3,상수 행동(초기화값),30,86.0,86.33,-0.33,-1.31,0.64,-1.33,0.5,0.4888,0.5214,4,22,4
3,상수 행동(PPO 평균),30,86.0,86.5,-0.5,-1.25,0.25,-1.33,0.0,0.1841,0.1797,0,28,2
4,Hazard-aware BFS,30,66.33,68.92,-2.58,-4.51,-0.66,-4.42,-0.83,0.0102,0.0163,7,5,18
4,A*,30,66.33,53.0,13.33,5.93,20.73,6.67,20.5,0.0009,0.0015,17,7,6
4,정적 유도등,30,66.33,50.0,16.33,10.24,22.43,10.83,22.17,0.0,0.0,23,2,5
4,상수 행동(초기화값),30,66.33,65.5,0.83,-0.19,1.85,-0.0,1.83,0.1057,0.1032,6,21,3
4,상수 행동(PPO 평균),30,66.33,65.67,0.67,-0.07,1.4,0.08,1.42,0.0729,0.0707,5,24,1
5,Hazard-aware BFS,30,80.33,89.58,-9.25,-11.67,-6.83,-11.5,-7.0,0.0,0.0,3,1,26
5,A*,30,80.33,67.08,13.25,6.57,19.93,7.17,19.83,0.0003,0.0008,22,0,8
5,정적 유도등,30,80.33,63.08,17.25,12.29,22.21,12.75,22.17,0.0,0.0,27,2,1
5,상수 행동(초기화값),30,80.33,80.17,0.17,-1.32,1.66,-1.25,1.58,0.8206,0.8284,11,8,11
5,상수 행동(PPO 평균),30,80.33,80.33,0.0,-0.55,0.55,-0.58,0.5,1.0,1.0,4,23,3
